source,type,code_ocr,short_name_ocr,description_ocr,status
0336,DEDUCTION,894S,ЗадолжПодотчСумПроезБагаж,Удержания командировочных расходов за проезд багажа,OCR_NEEDS_REVIEW
0336,DEDUCTION,894Q,ЗадолжПодотчСумПроезБагаж,Удержания командировочных расходов за обучение,OCR_NEEDS_REVIEW
0336,DEDUCTION,894P,ЗадолжПодотСумПрофОбучЗая,Удержания командировочных расходов,OCR_NEEDS_REVIEW
0336,DEDUCTION,894E,ЗадолжПодотчСуммПрочРасРу,Удержания командировочных расходов,OCR_NEEDS_REVIEW
0336,DEDUCTION,893Z,ЗадолжПодотчСуммПрочРасРу,Удержания долга за предыдущий месяц с сотрудника работающего по договору ГПХ,OCR_NEEDS_REVIEW
0336,DEDUCTION,8930,Долг за РаботникомСумма,работниками),OCR_NEEDS_REVIEW
0336,DEDUCTION,8935,Долг за РаботникомУвел,работниками),OCR_NEEDS_REVIEW
0336,DEDUCTION,893M,ДолгЗаРаботникомСум73*сч.,"Удержания долга за предыдущий месяц с компенсационных выплат, стипендии",OCR_NEEDS_REVIEW
0336,DEDUCTION,893A,ДолгЗаРаботником,Удержания долга за предыдущий месяц,OCR_NEEDS_REVIEW
0336,DEDUCTION,892D,ЗаПорчУтерюСпецОдеждаСум.,Удержания за спец.одежду по заявлению сотрудника,OCR_NEEDS_REVIEW
0336,DEDUCTION,891Z,СтрахВзнДогЛичнСтрахСум70,страховые взносы работников по договорам личного страхования,OCR_NEEDS_REVIEW
0336,DEDUCTION,891D,СтрахВзнДогЛичнСтрахСум70,страховые взносы работников по договорам личного страхования,OCR_NEEDS_REVIEW
0336,DEDUCTION,891B,СтрахВзнДогЛичнСтрахСум73,страховые взносы работников по договорам личного страхования (с начислений с 73 счета),OCR_NEEDS_REVIEW
0336,DEDUCTION,890P,УдержДенКомпЗаЗадержВыпл,сотрудника.,OCR_NEEDS_REVIEW
0336,DEDUCTION,889X,УдержаниеАлиментыНаДетей%,Удержание алиментов на детей. Исполнительный документ в %,OCR_NEEDS_REVIEW
0336,DEDUCTION,889P,АлиментыНаДетейСумма.,Удержание алиментов на детей. Ручной ввод.,OCR_NEEDS_REVIEW
0336,DEDUCTION,889B,Выплата алиментовСуммой,суммы,OCR_NEEDS_REVIEW
0336,DEDUCTION,889A,УдержаниеАлиментыНаДетей%,Удержание алиментов на детей. Исполнительный документ в %,OCR_NEEDS_REVIEW
0336,DEDUCTION,887Z,"ЗадолжКоммуналУслОАО""РЖД""",Удержание за коммунальные услуги с сотрудников (жилье ОАО РЖД),OCR_NEEDS_REVIEW
0336,DEDUCTION,887T,ЗадолКоммУслСуммПрошлПер,Удержание за коммунальные услуги за прошлый период,OCR_NEEDS_REVIEW
0336,DEDUCTION,886X,УдержПоИсполнДокумОрганиз,"Удержание по исполнительным документам в пользу государства, разных организаций и",OCR_NEEDS_REVIEW
0336,DEDUCTION,886B,УдержПоИсполнДокумФизЛица,"Удержание по исполнительным документам в пользу государства, разных организаций и",OCR_NEEDS_REVIEW
0336,DEDUCTION,883A,НалогНаДохФизЛицаУдер%,"Налог на доходы с облагаемого совокупного дохода, перечисляемый в бюджет",OCR_NEEDS_REVIEW
0336,DEDUCTION,881Z,РазВыплДопБанкСум_7001*,Разовые выплаты,OCR_NEEDS_REVIEW
0336,DEDUCTION,881X,РазВыпБ/Лист-305Банк7001*,Разовые Выпать по материальной помощи к отпуску / либо разъезднае 4614°,OCR_NEEDS_REVIEW
0336,DEDUCTION,881B,РазВыплОтпускБанк_7001*,Разовые выплаты по отпуску,OCR_NEEDS_REVIEW
0336,DEDUCTION,881A,РазовВыплатБанк_7001*,Разовые выплаты стипендии по ученическим договорам,OCR_NEEDS_REVIEW
0336,DEDUCTION,8818,РазовВыплатБанк_769102*,Разовые выплаты,OCR_NEEDS_REVIEW
0336,DEDUCTION,8817,РазовВыплатБанк_762400*,Разовые выплаты,OCR_NEEDS_REVIEW
0336,DEDUCTION,8816,РазовВыплатБанк_7390*,Разовые выплаты,OCR_NEEDS_REVIEW
0336,DEDUCTION,8810,РазовВыплатБанк_600191*,Плановый аванс,OCR_NEEDS_REVIEW
0336,DEDUCTION,880A,ПлановыйАванс%ОтОкладБанк,Второй промежуточный аванс,OCR_NEEDS_REVIEW
0336,DEDUCTION,8802,ВторпромежутАвансБанк,Первый промежуточный аванс,OCR_NEEDS_REVIEW
0336,DEDUCTION,8801,ПервпромежутАвансБанк,Первый промежуточный аванс,OCR_NEEDS_REVIEW
0337,DEDUCTION,932D,УдДопЛичнВзнЕдинВознСтаж,(*дополнительный личный взнос с единовременного вознаграждения по,OCR_NEEDS_REVIEW
0337,DEDUCTION,932A,"УдержНегосПФ""Благосост.""",начислений на сч. 73*),OCR_NEEDS_REVIEW
0337,DEDUCTION,930S,ПогашСсудыКасВзПомощиСч73,"Удержание денежных средств в погашение ссуды, полученной из кассы взаимопомощи (с",OCR_NEEDS_REVIEW
0337,DEDUCTION,930P,ПогашениеСсудыКасВзПомощи,Удержание платы за другие виды услуг (без чека),OCR_NEEDS_REVIEW
0337,DEDUCTION,927U,УдержЗаДрВидыУслугБезЧека,Удержание платы за другие виды услуг,OCR_NEEDS_REVIEW
0337,DEDUCTION,927D,УдержаниеЗаДрВидыУслуг,специализированном жилищном фонде ОАО «РЖД» (услуги ОАО «РЖД»),OCR_NEEDS_REVIEW
0337,DEDUCTION,916Z,УдрСтНаймЖилПомещСФУслОАО,Удержания по заявлению работника оплаты стоимости найма жилого помещения в,OCR_NEEDS_REVIEW
0337,DEDUCTION,916R,УдрСтНаймЖилПомСпецФонд73,специализированном жилищном фонде ОАО «РЖД» за текущий период (с начислений с 73,OCR_NEEDS_REVIEW
0337,DEDUCTION,916P,УдрСтНаймЖилПомещСпецФонд,Удержания по заявлению работника оплаты стоимости найма жилого помещения в,OCR_NEEDS_REVIEW
0337,DEDUCTION,914Z,УдСт-тиПутевАвансПлПрочие,пансионаты),OCR_NEEDS_REVIEW
0337,DEDUCTION,914Y,УдСт-тиПутевАвансПлДорожн,т.д. дорожные),OCR_NEEDS_REVIEW
0337,DEDUCTION,914X,"УдСтоимПутевкАванПл""Здор",АО «РЖД-ЗДОРОВЬЕ»),OCR_NEEDS_REVIEW
0337,DEDUCTION,9112,ПеречислИпотечСубсидСумма,ипотечного кредита с уполномоченным банком,OCR_NEEDS_REVIEW
0337,DEDUCTION,911N,ПеречСубсидЗатратУпл%ИпКр,ипотечного кредита с уполномоченным банком,OCR_NEEDS_REVIEW
0337,DEDUCTION,908P,УдержЗаПрожОбщежитииСумма,Удержание платы за проживание в общежитии,OCR_NEEDS_REVIEW
0337,DEDUCTION,907U,УдержЗаБракВРаботеСторно,Удержание за брак в работе,OCR_NEEDS_REVIEW
0337,DEDUCTION,906D,ДенежныеНачетыУслугОАОСум,Денежные начеты,OCR_NEEDS_REVIEW
0337,DEDUCTION,904Y,ДопСтрахВзносНакопТрудПен,"Дополнительные страховые взносы работников на накопительную часть трудовой пенсии,",OCR_NEEDS_REVIEW
0337,DEDUCTION,904P,ДопСтрахВзносНакопТрудПен,отчисляемые по заявлению работника,OCR_NEEDS_REVIEW
0337,DEDUCTION,902F,ПрофсоюзПрочийКредитСумм.,"Удержания профсоюзных взносов. Профсоюз не ОАО ""РЖД""",OCR_NEEDS_REVIEW
0337,DEDUCTION,902B,ПрофсоюзВторойКредитор,"Удержания профсоюзных взносов. Профсоюз не ОАО ""РЖД""",OCR_NEEDS_REVIEW
0337,DEDUCTION,902A,ПрофсоюзПервыйКредитор,"Удержания профсоюзных взносов. Профсоюз ОАО ""РЖД""",OCR_NEEDS_REVIEW
0337,DEDUCTION,900Р,УдержНаОбучЗаключДоговор,удержание затрат на обучение в соответствии с заключенным договором,OCR_NEEDS_REVIEW
0337,DEDUCTION,897A,УдерПеречислВКредитныеОрг,"Заработная выплата, причитающаяся к выплате после всех произведенных удержанй",OCR_NEEDS_REVIEW
0337,DEDUCTION,894V,ЗадолжПодотчСумПрофОбучДр,Корректировка удержания командировочных расходов,OCR_NEEDS_REVIEW
0337,DEDUCTION,894U,ЗадоПодотчСумКоманРасРСто,Корректировка удержания командировочных расходов,OCR_NEEDS_REVIEW
0338,DEDUCTION,933R,УДНПФ_КорпорДогРаботн_КСП,страховые взносы в негосударственный пенсионный фонд благосостояние дополнительный,OCR_NEEDS_REVIEW
0338,DEDUCTION,932R,"УдержНПФ""Благ""ДопЛичВзнос",страховые взносы в негосударственный пенсионный фонд благосостояние,OCR_NEEDS_REVIEW
0338,DEDUCTION,9320,УдерДопЛичнВзнЕдинВознСум,"заявления по форме Nº 204-Дн в размере коэффициента 0,13 к сумме ежемесячного",OCR_NEEDS_REVIEW
0338,DEDUCTION,932L,УдерДопЛичнВзнЕдинВознСум,обеспечения с АО «НПФ «БЛАГОСОСТОЯНИЕ» при наличии у работника соответствующего,OCR_NEEDS_REVIEW
0338,DEDUCTION,932E,УдДопЛичнВзнЕдинВознУволн,страховые взносы в негосударственный пенсионный фонд благосостояние,OCR_NEEDS_REVIEW
0339,ACCRUAL,0351,ОплВыходДнСверхНорРабВр18,Оплата работы в выходной день сверх нормы рабочего времени за следование пассажиром,CONFIRMED
0339,ACCRUAL,026D,РайоннКоэффРф,премирование,OCR_NEEDS_REVIEW
0339,ACCRUAL,035H,ОплПраздДнСверхНорВрМарЛБ,Оплата в размере одинарной тарифной ставки (оклада) за работу в нерабочие праздничные дни сверх нормы рабочего времени по маршруту машиниста,CONFIRMED
0339,ACCRUAL,026B,РайонКоэффПремПрошлМесРФ,Оплата в размере одинарной тарифной ставки (оклада) за работу в нерабочие праздничные,OCR_NEEDS_REVIEW
0339,ACCRUAL,026A,РайонныЙКоэффициентРФ,Оплата в размере одинарной тарифной ставки (оклада) за работу в нерабочие праздничные,OCR_NEEDS_REVIEW
0339,ACCRUAL,025L,НадбЗаКлассКвалификац/Б,ОплПраздДнейСвер«НорВрВед,OCR_NEEDS_REVIEW
0339,ACCRUAL,0358,Надбавка за класс квалификации и профессиональное мастеретво за часы в командировне,Оплата в размере одинарной тарифной ставки (оклада) за работу в нерабочие праздничные,OCR_NEEDS_REVIEW
0339,ACCRUAL,025I,НадЗаКласКвал%ОтрВрПРКома,Надбавка за класс квалификации и профессиональное мастерство за часы в командировке сверх нормы,CONFIRMED
0339,ACCRUAL,025A,НадЗаКласКвал%ОтРабВрФакт,Оплата в размере одинарной тарифной ставки (оклада) за работу в выходные дни сверх,OCR_NEEDS_REVIEW
0339,ACCRUAL,023L,Доплат3аРаботуНочноеВремя,Доплата за работу в ночное время за часы в командировке сверх нормы,OCR_NEEDS_REVIEW
0339,ACCRUAL,0354,Доплата за работу в ночное время за часы в командировке сверх нормы,дни сверх нормы рабочего времени за работу дублером,OCR_NEEDS_REVIEW
0339,ACCRUAL,023J,ДоплЗаРабНочнВремСумКоман,Оплата в размере одинарной тарифной ставки (оклада) за работу в нерабочие праздничные,OCR_NEEDS_REVIEW
0339,ACCRUAL,023A,ДоплатЗаРаботуНочноеВремя,ОплВыходДнСверхНорРабВр54,OCR_NEEDS_REVIEW
0339,ACCRUAL,018M,ОплЗаОжидСледПассПрНорРВ,Оплата в размере одинарной тарифной ставки (оклада) за работу в выходные дни сверх,OCR_NEEDS_REVIEW
0339,ACCRUAL,018L,ОплЗаСледПассПредНорРабВр,ОплПраздДнСверхНорРабВр18,OCR_NEEDS_REVIEW
0339,ACCRUAL,015B,ОплПростойПоВинеВнутДень,Оплата в размере одинарной тарифной ставки (оклада) за работу в нерабочие праздничные,OCR_NEEDS_REVIEW
0339,ACCRUAL,015A,ОплПростойПоВинеВнутСмЧас,ОплВыходДнСверхНорРабВр18,OCR_NEEDS_REVIEW
0339,ACCRUAL,035L,ОплВыхДнСверНорПроизКоман,Оплата работы в выходной день сверх нормы рабочего времени в период производственной командировки,CONFIRMED
0339,ACCRUAL,Y013,ДопЗаРабВыходПразНеПрКом,Дополнительная оплата за работу в выходные и праздничные в пределах нормы в период командировки несвязанной с производством,CONFIRMED
0339,ACCRUAL,034A,ГособязанностиРабвремсред.,"военные сборы, согласно законодательству Российской Федерации",OCR_NEEDS_REVIEW
0339,ACCRUAL,013L,ДопЗаРабВыходПразДниНорВр,Дополнительная оплата за работу в выходные и праздничные в пределах нормы по,OCR_NEEDS_REVIEW
0339,ACCRUAL,013J,ДопЗаРабВыходПразДниНорВр,Дополнительная оплата за работу в выходные и праздничные в пределах нормы за часы в,OCR_NEEDS_REVIEW
0339,ACCRUAL,013A,ДопЗаРабВыходПразДниНорВр,"Оплата учебных отпусков в размере среднего заработка работникам, обучающимся в",OCR_NEEDS_REVIEW
0339,ACCRUAL,033Р,Оплата УчебныйОтпускСумма,бщеобразовательных школах (ручной вводі,OCR_NEEDS_REVIEW
0339,ACCRUAL,0122,КСПрРукСпецСлуж%ПрошМес,специалистам и служащим за прошедший месяц,OCR_NEEDS_REVIEW
0339,ACCRUAL,0338,ОплатаУчебногоОтпуска.,общеобразовательных школах,OCR_NEEDS_REVIEW
0339,ACCRUAL,M011,КСПрРабПоврЛБ%ПрошМесяц,Премии за основные результаты хозяйственной деятельности локомотивным бригадам за прошедший месяц по табелю и ведомости ТХУ-3,CONFIRMED
0339,ACCRUAL,032Z,ПересчИндексПериодОтпуска,Оплата ежегодных основных оплачиваемых отпусков (пересчет с учетом индексации),OCR_NEEDS_REVIEW
0339,ACCRUAL,011Y,ПремРабПовремЛБТХУ-Сумма,прошедший месяц по ведомости ТХУ-3,OCR_NEEDS_REVIEW
0339,ACCRUAL,032W,ПересчИнденсПериодОтпуска,Оплата ежегодных основных оплачиваемых отпусков (пересчет с учетом индексации),OCR_NEEDS_REVIEW
0339,ACCRUAL,032P,:ОпОчерЕжГодОтпускСуммТекМ,Оплата ежегодных основных оплачиваемых отпусков (ручной ввод),OCR_NEEDS_REVIEW
0339,ACCRUAL,032E,СуммОтпускБудущПериодРучн,Оплата ежегодных основных оплачиваемых отпусков будущих периодов,OCR_NEEDS_REVIEW
0339,ACCRUAL,032B,: ВозвратОтпускПриУволнКалД,Возврат оплаты ежегодных основных оплачиваемых отпусков при увольнении,OCR_NEEDS_REVIEW
0339,ACCRUAL,032A,ОплОчередЕжегодОтпускКалД,Оплата ежегодных основных оплачиваемых отпусков,OCR_NEEDS_REVIEW
0339,ACCRUAL,031A,ОплЦелоСмПростПоНезОбс2/3,"Оплата времени простоя по причинам, не зависящим от работодателя и работника",OCR_NEEDS_REVIEW
0339,ACCRUAL,0112,КСПрРабПоврем%ПрошМесяц,месяц по табелю,OCR_NEEDS_REVIEW
0339,ACCRUAL,030В,ОплПоСредЗаработку(День),по среднему заработку (в днях),OCR_NEEDS_REVIEW
0339,ACCRUAL,010L,ПремЗаНагонОпоздПассПоезд,премия за нагон опозданий пассажирских поездов,OCR_NEEDS_REVIEW
0339,ACCRUAL,007P,РасшЗоны ОбслужСовмещСумм.,"Доплата за совмещение профессий, расширение зон обслуживания (ручной ввод)",OCR_NEEDS_REVIEW
0339,ACCRUAL,030A,ОплПоСредЗаработку(Час),по среднему заработку (в часах),OCR_NEEDS_REVIEW
0339,ACCRUAL,007B,ДопласшЗонОбслСовмСумОкл,Оплата времени повышения квалификации (в днях),OCR_NEEDS_REVIEW
0339,ACCRUAL,029B,:ОплВремяПовышКвалификДень,Оплата времени повышения квалификации (в днях),OCR_NEEDS_REVIEW
0339,ACCRUAL,029A,ОплВремяПовышКвалификЧАС,Оплата времени повышения нвалификации (в часах),OCR_NEEDS_REVIEW
0339,ACCRUAL,R027,СеверНадбКоманСпортСумма,Процентная надбавка к заработной плате за стаж в районах Крайнего Севера за часы командировки несвязанной с производством,CONFIRMED
0339,ACCRUAL,7004,ПоврОплПоОкладНеПрКоманд,027L,OCR_NEEDS_REVIEW
0339,ACCRUAL,027L,Оплата работы в выходной день по окладу в период командировки несвязанной с,простоя не зависщим от работодателя и работника,OCR_NEEDS_REVIEW
0339,ACCRUAL,R004,ПоврОплПоТарифНеПрКоманд,Оплата работы в выходной день по тарифной ставке в период командировки несвязанной с производством (в случае предоставления другого дня отдыха),CONFIRMED
0339,ACCRUAL,0045,ПоврОплатаПоОкладамКоманд,случае предоставления другого дня отдыха),OCR_NEEDS_REVIEW
0339,ACCRUAL,027B,СеверНадбавкНаПремПрошМес,месяц,OCR_NEEDS_REVIEW
0339,ACCRUAL,004L,ПоврОплатаПоТарифСтавкам,СеверНадбавкНаПремПрошМес,OCR_NEEDS_REVIEW
0339,ACCRUAL,0041,ПоврОплПоТарифуКомандиров,командировки (в случае предоставлення друтого дня отдыха).,OCR_NEEDS_REVIEW
0339,ACCRUAL,027A,СевернаяНадбавкРабКрСевер,месяц,OCR_NEEDS_REVIEW
0339,ACCRUAL,004B,ПоврОплатаПоТарифСтавкам,Оплата по тарифной ставке за отработанное время по табелю,OCR_NEEDS_REVIEW
0339,ACCRUAL,RO26,РайонКоэффРФКоманСпортСум,Выплаты по районным коэффициентам по законодательству РФ за часы командировки несвязанной с производством,CONFIRMED
0339,ACCRUAL,004A,ПоврОплатаПоОкладам,Выплаты по районным коэффициентам по законодательству РФ за часы командировки,OCR_NEEDS_REVIEW
0339,ACCRUAL,026L,Районный КоэффициентРФ.,зависщим от работодателя и работника,OCR_NEEDS_REVIEW
0339,ACCRUAL,026K,РайонКоэффРФПроизКоманд%,командировки,OCR_NEEDS_REVIEW
0340,ACCRUAL,0561,НадвысДостРукПрКом%ОтрВp,ДопНизкОплРабДоМіпОплТрАв,OCR_NEEDS_REVIEW
0340,ACCRUAL,089A,"Надбавки руководителям, специалистам и служащим за высокий уроверь квалификации,",соответствии с трудовым законодательством,OCR_NEEDS_REVIEW
0340,ACCRUAL,056A,:НадбВисДостРукСпцСл%Факт,ОплатаРаботникам-Донорам,OCR_NEEDS_REVIEW
0340,ACCRUAL,05SP,ЕжМесДенКомп10%ЧасТарСумм,Оплата работникам-донорам по среднему заработку дней сдачи крови (ее компонентов) и,OCR_NEEDS_REVIEW
0340,ACCRUAL,083A,"Ср3-к,ПеревБерем/егкТрЧас",рабочие дни освобождения от работы до предоставления ей более легкой работы,OCR_NEEDS_REVIEW
0340,ACCRUAL,055L,ЕжМесДенКомп10%ЧасТарФаЛБ,машиниста,OCR_NEEDS_REVIEW
0340,ACCRUAL,076L,ДоплВыхПраздСверхНормВрем,Доплата за работу в выходные и нерабочие праздничные дни сверх нормы рабочего,OCR_NEEDS_REVIEW
0340,ACCRUAL,054L,Оплата Работы Дублером,Оплата работы дублером,OCR_NEEDS_REVIEW
0340,ACCRUAL,052L,ОплЗаРабНаОдиночСлед/оком,UTbr,OCR_NEEDS_REVIEW
0340,ACCRUAL,051B,ДенКомДопЧастОтпускВрУсТр,"оплачиваемого отпуска работникам, занятым на работах с вредными и (или) опасными",OCR_NEEDS_REVIEW
0340,ACCRUAL,076A,ДоплВыхПраздСверхНормврем,ремени по табелю,OCR_NEEDS_REVIEW
0340,ACCRUAL,073M,ДоплСверхуроннврі оразмер,оплаты в двойном размере за время работы по маршруту машиниста и ведомости ТХУ-3,OCR_NEEDS_REVIEW
0340,ACCRUAL,OS1A,ДенКомДопЧастОтпускВрУсТр,"оплачиваємого отпуска работникам, занятым на работах с вредными и (или) опасными",OCR_NEEDS_REVIEW
0340,ACCRUAL,073L,":ДоплСверхУрочнВр0,5размер.",оплаты в полуторном размере за время работы по маршруту машиниста и ведомости ТХУ-3,OCR_NEEDS_REVIEW
0340,ACCRUAL,049А,ОпПоТарВрТехУчебВНерабВр,оплаты в двойном размере за время работы командировки,OCR_NEEDS_REVIEW
0340,ACCRUAL,048A,ОплНеВыполНормТрНед2/3тер.,работника,OCR_NEEDS_REVIEW
0340,ACCRUAL,0731,ДоплСверхУрочнВр0.5Команд,оплаты в полуторном размере за время командировки,OCR_NEEDS_REVIEW
0340,ACCRUAL,0738,"ДоплСверхУрочн81,00разм",оплаты в двойном размере за время работы по табелю,OCR_NEEDS_REVIEW
0340,ACCRUAL,047P,Единоврвознагнаставниксум,Доплата за работу в сверхурочное время сверх одинарной тарифной ставки (оклада) для,OCR_NEEDS_REVIEW
0340,ACCRUAL,044M,ДоплРабСложнМетеоУслСумма,Доплата за работу в сложных метеорологических условиях,OCR_NEEDS_REVIEW
0340,ACCRUAL,073A,"ДоплСверхУрочнВ0,50разм",оплаты в полуторном размере за время работы по табелю,OCR_NEEDS_REVIEW
0340,ACCRUAL,U41A,ДенКомпенДопЧастиОтпуска,Доплата за работу в сверхурочное время сверх одинарной тарифной ставки (оклада) для,OCR_NEEDS_REVIEW
0340,ACCRUAL,0722,ОплРабСверУрочВрЛБ,Оплата за работу в сверхурочное время в размере одинарной тарифной ставки (оклад),OCR_NEEDS_REVIEW
0340,ACCRUAL,072X,:ОплРабСверУрочВр_ЛБ/018L,время следования пассажирам,OCR_NEEDS_REVIEW
0340,ACCRUAL,0378,ДоплДоСреднчасЗарабСумма,(в часах),OCR_NEEDS_REVIEW
0340,ACCRUAL,072W,ОплРабСверУрочВр.ЛБ/0521,одиночно следующем локомотиве,OCR_NEEDS_REVIEW
0340,ACCRUAL,072U,:ОплРабСверУрочВр_ЛБ/054L,дублером,OCR_NEEDS_REVIEW
0340,ACCRUAL,037A,ДоплДоСреднДеньЗарабСумма,Оплата за работу в сверхурочное время в размере одинарной тарифной ставки (оклада),OCR_NEEDS_REVIEW
0340,ACCRUAL,0720,ОпРаботСверхУрочнВр_0040,ведомости ТХУ-3,OCR_NEEDS_REVIEW
0340,ACCRUAL,035Y,ОплВыхДнСверхНорВрНеПрКом,время ожидания следования пассажирам,OCR_NEEDS_REVIEW
0340,ACCRUAL,072N,ОплРабСверУрочВр_ЛБ/018M,время ожидания следования пассажирам,OCR_NEEDS_REVIEW
0340,ACCRUAL,072M,ОплРаботСверхУрочнВр_0048,рабочим,OCR_NEEDS_REVIEW
0340,ACCRUAL,035X,ОплВыхДнСверхНорВрНеПрКом,Оплата за работу з сверхурочное время в размере одинарной тарифной ставки (оклада),OCR_NEEDS_REVIEW
0340,ACCRUAL,072L,ОплРабСверУрочВр_ЛБ_004L,маршруту машиниста,OCR_NEEDS_REVIEW
0340,ACCRUAL,035T,ОпПразДнСверхНВрКоманМтЛБ,заключением по состоянию здоровья,OCR_NEEDS_REVIEW
0340,ACCRUAL,072F,ОплРаботСверкурочВр/030M,заключением по состоянию здоровья,OCR_NEEDS_REVIEW
0340,ACCRUAL,035Q,ОпПраздСверхНорПроизКоман,"руководителям, специалистам и служащим",OCR_NEEDS_REVIEW
0340,ACCRUAL,072A,ОплРаботСверхУрочнВр_004А,"руководителям, специалистам и служащим",OCR_NEEDS_REVIEW
0340,ACCRUAL,060A,Ани сверх норми рабочего времени в лермод командировн несвизанной с преизводетвом,подразделениях по защите государственной тайны,OCR_NEEDS_REVIEW
0340,ACCRUAL,0350,ОпПразДнСверхНорВрНеПрКом,Ежемесячная процентная надбавка работникам за стаж работы в структурных,OCR_NEEDS_REVIEW
0340,ACCRUAL,J55N,ОпПразДнСверхНорВрНеПрКом,059A,OCR_NEEDS_REVIEW
0340,ACCRUAL,059A,НадбавГосТайнеПроцентФакт,"Надбавка лицам, допущенным к государственной тайне",OCR_NEEDS_REVIEW
0340,ACCRUAL,057L,ДоплМастСпСлРабВредДляЛБ,труда по маршруту машиниста,OCR_NEEDS_REVIEW
0340,ACCRUAL,035L,ОплВыхДнейСверхНорВрМтЛБ,057K,OCR_NEEDS_REVIEW
0340,ACCRUAL,057K,ДопМастРабВредУсл.Коман%,труда по за часы командировки сверх нормы,OCR_NEEDS_REVIEW
0341,ACCRUAL,256E,ОплДопОтпускВрУслбудПерР,"Оплата дополнительных отпусков за работу на тяжелых работах, работая с вредными и",OCR_NEEDS_REVIEW
0341,ACCRUAL,256A,ОплДопОтпускВзУслКалД,СПодарРабВТечГодДогДарен,OCR_NEEDS_REVIEW
0341,ACCRUAL,290Z,ДопПр/БКнигЗамечанПрМесСу,"Стоимость подарков, полученных работником от организации в течение года.",OCR_NEEDS_REVIEW
0341,ACCRUAL,254B,ДопОтОбщИнспБезДеПоездов,поездов,OCR_NEEDS_REVIEW
0341,ACCRUAL,2894,ПересчиндексПериодОтпуска,"замечаний формы ТУ-137 в филиалах ОАО ""РЖД"" за текущий месяц.",OCR_NEEDS_REVIEW
0341,ACCRUAL,250Z,ПересчиндексПериодОтпуска,"замечаний формы ТУ-137 в филиалах ОАО ""РЖД"" за текущий месяц.",OCR_NEEDS_REVIEW
0341,ACCRUAL,250E,ОплДопОтпускНРДБудПерРучн,284P,OCR_NEEDS_REVIEW
0341,ACCRUAL,284P,ОплДопОтпускНРДБудПерРучн,Дополнительная премия уполномоченным (доверенным) лицам по охране труда,OCR_NEEDS_REVIEW
0341,ACCRUAL,250A,ОплДопОтпускНРДКалД,279P,OCR_NEEDS_REVIEW
0341,ACCRUAL,279P,ОплДопОтпускНРДКалД,Дополнительная премия за результаты внедрения бережливого производства,OCR_NEEDS_REVIEW
0341,ACCRUAL,274M,"Неоплачиваемые дни дополнительного отпусна, предоставляемого работнику в случае","Материальная помощь, предоставляемая к ежегодно оплачиваемому отпуску",OCR_NEEDS_REVIEW
0341,ACCRUAL,274K,:ЕдВознПоРешОАОРЖДСум,"Материальная помощь, предоставляемая к ежегодно оплачиваемому отпуску",OCR_NEEDS_REVIEW
0341,ACCRUAL,273Z,ОплТарСтавДниСмертьКолДог,"""РЖД""",OCR_NEEDS_REVIEW
0341,ACCRUAL,249B,ОплТарСтавДниСмертьКолДог,членов семьи,OCR_NEEDS_REVIEW
0341,ACCRUAL,273Р,ребенка и регистрации брака,"""РЖД"" (ручной ввод).",OCR_NEEDS_REVIEW
0341,ACCRUAL,272P,ПремЗаЭкономРесурсовСумма,Единовременное поощрение работникам в связи с юбилейными датами (ручной ввод),OCR_NEEDS_REVIEW
0341,ACCRUAL,248D,ПремЗаЭкономРесурсКварСум,датами;,OCR_NEEDS_REVIEW
0341,ACCRUAL,206Y,ОплПоСредЗарДеньКульМасМе,дополнительном премировании (ручной ввод),OCR_NEEDS_REVIEW
0341,ACCRUAL,2709,производственной деятельностью (спорт),дополнительном премировании (старишим машинистам),OCR_NEEDS_REVIEW
0341,ACCRUAL,206B,ОплПоСредЗарДеньСпортМер,производственной деятельностью (спорт),OCR_NEEDS_REVIEW
0341,ACCRUAL,173B,СохрСрЗарДиспансеризДЕНЬ,"Сохранение среднего заработка при прохождении диспансеризации в порядке,",OCR_NEEDS_REVIEW
0341,ACCRUAL,2702,ДопПрЛБ НарндчикамПрМесСу,дополнительном премировании (нарядчикам локомотивных бригад),OCR_NEEDS_REVIEW
0341,ACCRUAL,154B,СохрСрЗарМедОсмРабВрДЕН,медицинских осмотров в рабочее время (в днях),OCR_NEEDS_REVIEW
0341,ACCRUAL,268T,ЕдВознЗаПреданКомпанСумМР,Единовременное вознаграждение за преданность компании при наступлении права,OCR_NEEDS_REVIEW
0341,ACCRUAL,154A,СохрСрЗарМедОсмРабВрЧАС,медицинских осмотров в рабочее время (в часах),OCR_NEEDS_REVIEW
0341,ACCRUAL,268K,ЕдиновВознЗаПреданКомпан,Единовременное вознаграждение за преданность компании при наступлении права,OCR_NEEDS_REVIEW
0341,ACCRUAL,268G,ЕдВознЗаПреданнКомпСокрШт,Единовременное вознаграждение за преданность компании при сокращении штата,OCR_NEEDS_REVIEW
0341,ACCRUAL,153L,ДоплМашЛокомРабБезПомощн,маршруту машиниста,OCR_NEEDS_REVIEW
0341,ACCRUAL,268F,ЕдВознЗаПреданнКомпСобЖел,собственному желанию при выходе на пенсию или медицинскому заключению,OCR_NEEDS_REVIEW
0341,ACCRUAL,152Р,ДопРабЛокомБрТяжДлинПоез.,собственному желанию при выходе на пенсию или медицинскому заключению,OCR_NEEDS_REVIEW
0341,ACCRUAL,2688,ЕДВознЗаПреданКомпСобЖел,собственному желанию при выходе на пенсию или медицинскому заключению,OCR_NEEDS_REVIEW
0341,ACCRUAL,268A,ЕдВознЗаПредаКомпанСумм,Единовременное вознаграждение за преданность компании при наступлении права,OCR_NEEDS_REVIEW
0341,ACCRUAL,151P,ДоплабЛокомБрУдлинучОбсл,ОтлСамосПоискРабДо3хСредД.,OCR_NEEDS_REVIEW
0341,ACCRUAL,266B,ОтлСамосПоискРабДо3хСредД.,"для самостоятельного поиска работы, отпуск молодым специалистам на обустройство на",OCR_NEEDS_REVIEW
0341,ACCRUAL,151L,ДоплабЛокомБрУдлинУчОбсл,Оплата по среднему заработку до трех рабочих дней в месяц высвобождаемому работнику,OCR_NEEDS_REVIEW
0341,ACCRUAL,263Z,: ЕдВрПоощРабПолигЖДЛимНЖД.,начальников железных дорог,OCR_NEEDS_REVIEW
0341,ACCRUAL,2612,ОплГорячегоПитанияСумма,"Оплата горячего питания работников, занятых на ремонте пути в ""окна""",OCR_NEEDS_REVIEW
0341,ACCRUAL,1238,ПоврОплПоТарОкяНеРабДень,:ПересчИндексПериодОтпуска,OCR_NEEDS_REVIEW
0341,ACCRUAL,2602,:ПересчИндексПериодОтпуска,приравненных к ним местностях (пересчет с учетом индексации),OCR_NEEDS_REVIEW
0341,ACCRUAL,260W,ДопПрПредупрПрТравмСисИнф,приравненных к ним местностях (пересчет с учетом индексации),OCR_NEEDS_REVIEW
0341,ACCRUAL,108P,ДопПрПредупрПрТравмСисИнф,ПересчиндексПернодОтпуска,OCR_NEEDS_REVIEW
0341,ACCRUAL,260E,ОплДопОтпускКрСевБудПерР,приравненных к ним местностях будущих период,OCR_NEEDS_REVIEW
0341,ACCRUAL,260A,ОплДопОтпускКрСеаКалД,приравненных к ним местностях,OCR_NEEDS_REVIEW
0341,ACCRUAL,1082,ДопПрПредупПрТравмПрошМес,ОплДопОтпускКрСеаКалД,OCR_NEEDS_REVIEW
0341,ACCRUAL,256Z,"системе информации ""Человек на пути"" за текущий месяц","Оплата дополнительных отпусков за работу на тяжелых работах, работах с вредными и",OCR_NEEDS_REVIEW
0341,ACCRUAL,1081,ДоппрПредупрГірТравмТекМес,"Оплата дополнительных отпусков за работу на тяжелых работах, работах с вредными и",OCR_NEEDS_REVIEW
0341,ACCRUAL,256W,Единовременная премия из средств мотивационного бюджета (квартальная),"Оплата дополнительных отпусков за работу на тяжелых работах, работах с вредными и",OCR_NEEDS_REVIEW
0341,ACCRUAL,090Z,КвартПрСредМотивацБюджСум,"Оплата дополнительных отпусков за работу на тяжелых работах, работах с вредными и",OCR_NEEDS_REVIEW
0341,ACCRUAL,090P,ПремизСредствМотивацбюдж.,(или) опасными условиями труда (ручной ввод),OCR_NEEDS_REVIEW
0341,ACCRUAL,256P,соответствии с трудовым законодательством,(или) опасными условиями труда (ручной ввод),OCR_NEEDS_REVIEW
0341,ACCRUAL,089Z,ДопНи зкОплРабДоМіпОплТр,"Оплата дополнительных отпусков за работу на тяжелых работах, работах с вредными и",OCR_NEEDS_REVIEW
0342,ACCRUAL,501Z,СуммаКомпенсацииСтоимостиБытовогоТоплива,"Сумма компенсации стоимости бытового топлива, отпускаемого работникам организации",CONFIRMED
0342,ACCRUAL,473Р,НадбРазъездХарИнГосудСумм,(ручной ввод),OCR_NEEDS_REVIEW
0342,ACCRUAL,473L,АнГосудСУММ,по маршруту машиниста.,OCR_NEEDS_REVIEW
0342,ACCRUAL,402P,ОплПрогулВосстРабСудПрист,суда,OCR_NEEDS_REVIEW
0342,ACCRUAL,401A,заНесаВыплЗарПлОтпДр.,"Российской Федерации (за задержку выплаты заработной платы, отпуска и др.)",OCR_NEEDS_REVIEW
0342,ACCRUAL,365Р,: ПремЗаСодейстИзобрРацион,Премия за содействие изобретательству и рационализации,OCR_NEEDS_REVIEW
0342,ACCRUAL,360Z,КвартПремОтрасяСоревнСумм,"Премия по соревнованию в ОАО ""РЖД"" (квартальная).",OCR_NEEDS_REVIEW
0342,ACCRUAL,360Р,МесПремОтраслСоревновСумм,"Премия по соревнованию в ОАО ""РЖД"" (месячная)",OCR_NEEDS_REVIEW
0342,ACCRUAL,360G,ГодПремОтраслСоревн.Сумма,"Премия по соревнованию в ОАО ""РЖД"" (годовая).",OCR_NEEDS_REVIEW
0342,ACCRUAL,349Р,ВозмещРасходНайм(неЖФК),нормативными документами (не ЖФК).,OCR_NEEDS_REVIEW
