source,type,code,short_name,description,status
0336,DEDUCTION,894S,ЗадолжПодотчСумПроезБагаж,Удержания командировочных расходов за проезд багажа,CONFIRMED
0336,DEDUCTION,894Q,ЗадолжПодотчСумПрофОбучЗая,Удержания командировочных расходов за обучение,CONFIRMED
0336,DEDUCTION,894P,ЗадолжПодотчСуммКоманРасР,Удержания командировочных расходов,CONFIRMED
0336,DEDUCTION,894E,ЗадолжПодотчСуммПрочРасРу,Удержания командировочных расходов,CONFIRMED
0336,DEDUCTION,893Z,ДолгЗаРаботнНесписочСумма,Удержания долга за предыдущий месяц с сотрудника работающего по договору ГПХ,CONFIRMED
0336,DEDUCTION,893U,Долг за РаботникомСумма,Удержание в погашение задолженности организации по заработной плате (долги за работниками),CONFIRMED
0336,DEDUCTION,893S,Долг за РаботникомУвел,Удержание в погашение задолженности организации по заработной плате (долги за работниками),CONFIRMED
0336,DEDUCTION,893M,ДолгЗаРаботникомСум73*сч.,"Удержания долга за предыдущий месяц с компенсационных выплат, стипендии",CONFIRMED
0336,DEDUCTION,893A,ДолгЗаРаботником,Удержания долга за предыдущий месяц,CONFIRMED
0336,DEDUCTION,892D,ЗаПорчУтерюСпецОдеждаСум.,Удержания за спец.одежду по заявлению сотрудника,CONFIRMED
0336,DEDUCTION,891Z,СтрахВзнДогЛичнСтрахСум70,Страховые взносы работников по договорам личного страхования,CONFIRMED
0336,DEDUCTION,891D,СтрахВзнДогЛичнСтрахСум70,Страховые взносы работников по договорам личного страхования,CONFIRMED
0336,DEDUCTION,891B,СтрахВзнДогЛичнСтрахСум73,Страховые взносы работников по договорам личного страхования (с начислений с 73 счета),CONFIRMED
0336,DEDUCTION,890P,УдержДенКомпЗаЗадержВыпл,"Удержания денежной компенсации за задержку выплаты заработной платы, отпускных по заявлению сотрудника",CONFIRMED
0336,DEDUCTION,889X,УдержаниеАлиментыНаДетей%,Удержание алиментов на детей. Исполнительный документ в %,CONFIRMED
0336,DEDUCTION,889P,АлиментыНаДетейСумма.,Удержание алиментов на детей. Ручной ввод.,CONFIRMED
0336,DEDUCTION,889B,Выплата алиментовСуммой,Удержание алиментов на детей. Исполнительный документ в размере фиксированной суммы,CONFIRMED
0336,DEDUCTION,889A,УдержаниеАлиментыНаДетей%,Удержание алиментов на детей. Исполнительный документ в процентах,CONFIRMED
0336,DEDUCTION,887Z,"ЗадолжКоммуналУслОАО""РЖД""",Удержание за коммунальные услуги с сотрудников (жилье ОАО РЖД),CONFIRMED
0336,DEDUCTION,887T,ЗадолКоммУслСуммПрошлПер,Удержание за коммунальные услуги за прошлый период,CONFIRMED
0336,DEDUCTION,886X,УдержПоИсполнДокумОрганиз,"Удержание по исполнительным документам в пользу государства, разных организаций и лиц",CONFIRMED
0336,DEDUCTION,886P,УдержПоИсполнДокумОрганиз,"Удержание по исполнительным документам в пользу государства, разных организаций и лиц",CONFIRMED
0336,DEDUCTION,886B,УдержПоИсполнДокумФизЛица,"Удержание по исполнительным документам в пользу государства, разных организаций и лиц",CONFIRMED
0336,DEDUCTION,883A,НалогНаДохФизЛицаУдер%,"Налог на доходы с облагаемого совокупного дохода, перечисляемый в бюджет",CONFIRMED
0336,DEDUCTION,881Z,РазВыплДопБанкСум_7001*,Разовые выплаты,CONFIRMED
0336,DEDUCTION,881X,РазВыпБ/Лист-305Банк7001*,Разовые выплаты по больничному листу,CONFIRMED
0336,DEDUCTION,881B,РазВыплОтпускБанк_7001*,Разовые выплаты по отпуску,CONFIRMED
0336,DEDUCTION,881A,РазовВыплатБанк_7001*,Разовые выплаты по материальной помощи к отпуску,CONFIRMED
0336,DEDUCTION,8818,РазовВыплатБанк_769102*,Разовые выплаты стипендии по ученическим договорам,CONFIRMED
0336,DEDUCTION,8817,РазовВыплатБанк_762400*,Разовые выплаты,CONFIRMED
0336,DEDUCTION,8816,РазовВыплатБанк_7390*,Разовые выплаты,CONFIRMED
0336,DEDUCTION,8810,РазовВыплатБанк_600191*,Разовые выплаты,CONFIRMED
0336,DEDUCTION,880A,ПлановыйАванс%ОтОкладБанк,Плановый аванс,CONFIRMED
0336,DEDUCTION,8802,ВторпромежутАвансБанк,Второй промежуточный аванс,CONFIRMED
0336,DEDUCTION,8801,ПервпромежутАвансБанк,Первый промежуточный аванс,CONFIRMED
0337,DEDUCTION,932D,УдДопЛичнВзнЕдинВознСтаж,*дополнительный личный взнос с единовременного вознаграждения по стажу (преданность компании),CONFIRMED
0337,DEDUCTION,932A,"УдержНегосПФ""Благосост.""",Страховые взносы в негосударственный пенсионный фонд «Благосостояние»,CONFIRMED
0337,DEDUCTION,930S,ПогашСсудыКасВзПомощиСч73,"Удержание денежных средств в погашение ссуды, полученной из кассы взаимопомощи (с начислений по 73 сч.)",CONFIRMED
0337,DEDUCTION,930P,ПогашениеСсудыКасВзПомощи,"Удержание денежных средств в погашение ссуды, полученной из кассы взаимопомощи",CONFIRMED
0337,DEDUCTION,927U,УдержЗаДрВидыУслугБезЧека,Удержание платы за другие виды услуг (без чека),CONFIRMED
0337,DEDUCTION,927D,УдержаниеЗаДрВидыУслуг,Удержание платы за другие виды услуг,CONFIRMED
0337,DEDUCTION,916Z,УдрСтНаймЖилПомещСФУслОАО,Удержания по заявлению работника оплаты стоимости найма жилого помещения в специализированном жилищном фонде ОАО «РЖД» (услуги ОАО «РЖД»),CONFIRMED
0337,DEDUCTION,916R,УдрСтНаймЖилПомСпецФонд73,Удержания по заявлению работника оплаты стоимости найма жилого помещения в специализированном жилищном фонде ОАО «РЖД» за текущий период (с начислений с 73 счета),CONFIRMED
0337,DEDUCTION,916P,УдрСтНаймЖилПомещСпецФонд,Удержания по заявлению работника оплаты стоимости найма жилого помещения в специализированном жилищном фонде ОАО «РЖД» за текущий период,CONFIRMED
0337,DEDUCTION,916I,УдрСтНаймЖилПомСфПрошлПер,Удержания по заявлению работника оплаты стоимости найма жилого помещения в специализированном жилищном фонде ОАО «РЖД» за прошлый период,CONFIRMED
0337,DEDUCTION,914Z,УдСт-тиПутевАвансПлПрочие,Удержание стоимости путевки (удержание авансового платежа) (*прочие санатории и пансионаты),CONFIRMED
0337,DEDUCTION,914Y,УдСт-тиПутевАвансПлДорожн,"Удержание стоимости путевки (удержание авансового платежа) (*санатории, пансионаты и т.д. дорожные)",CONFIRMED
0337,DEDUCTION,914X,"УдСтоимПутевкАванПл""Здор","Удержание стоимости путевки (удержание авансового платежа) (*санатории, пансионаты АО «РЖД-ЗДОРОВЬЕ»)",CONFIRMED
0337,DEDUCTION,911Z,ПеречислИпотечСубсидСумма,"Перечисление суммы ипотечной субсидии на счет работника, заключившего договор ипотечного кредита с уполномоченным банком",CONFIRMED
0337,DEDUCTION,911N,ПеречСубсидЗатратУпл%ИпКр,"Перечисление суммы ипотечной субсидии на счет работника, заключившего договор ипотечного кредита с уполномоченным банком",CONFIRMED
0337,DEDUCTION,908P,УдержЗаПрожОбщежитииСумма,Удержание платы за проживание в общежитии,CONFIRMED
0337,DEDUCTION,907U,УдержЗаБракВРаботеСторно,Удержание за брак в работе,CONFIRMED
0337,DEDUCTION,906D,ДенежныеНачетыУслугОАОСум,Денежные начеты,CONFIRMED
0337,DEDUCTION,904Y,ДопСтрахВзносНакопТрудПен,"Дополнительные страховые взносы работников на накопительную часть трудовой пенсии, отчисляемые по заявлению работника",CONFIRMED
0337,DEDUCTION,904P,ДопСтрахВзносНакопТрудПен,"Дополнительные страховые взносы работников на накопительную часть трудовой пенсии, отчисляемые по заявлению работника",CONFIRMED
0337,DEDUCTION,902F,ПрофсоюзПрочийКредитСумм.,"Удержания профсоюзных взносов. Профсоюз не ОАО ""РЖД""",CONFIRMED
0337,DEDUCTION,902B,ПрофсоюзВторойКредитор,"Удержания профсоюзных взносов. Профсоюз не ОАО ""РЖД""",CONFIRMED
0337,DEDUCTION,902A,ПрофсоюзПервыйКредитор,"Удержания профсоюзных взносов. Профсоюз ОАО ""РЖД""",CONFIRMED
0337,DEDUCTION,900P,УдержНаОбучЗаключДоговор,Удержание затрат на обучение в соответствии с заключённым договором,CONFIRMED
0337,DEDUCTION,897A,УдерПеречислВКредитныеОрг,"Заработная выплата, причитающаяся к выплате после всех произведенных удержаний",CONFIRMED
0337,DEDUCTION,894V,ЗадолжПодотчСумПрофОбучДр,Корректировка удержания командировочных расходов,CONFIRMED
0337,DEDUCTION,894U,ЗадоПодотчСумКоманРасРСто,Корректировка удержания командировочных расходов,CONFIRMED
0338,DEDUCTION,933R,УДНПФ_КорпорДогРаботн_КСП,Удержание по заявлению работника взносов по заключенному индивидуальному договору,CONFIRMED
0338,DEDUCTION,932R,"УдержНПФ""Благ""ДопЛичВзнос",Страховые взносы в негосударственный пенсионный фонд «Благосостояние» — дополнительный личный пенсионный взнос,CONFIRMED
0338,DEDUCTION,932O,УдерДопЛичнВзнЕдинВознСум,Страховые взносы в негосударственный пенсионный фонд «Благосостояние» — дополнительный личный пенсионный взнос,CONFIRMED
0338,DEDUCTION,932L,УдержНПФДопЛичнВзнос13%,"Дополнительный личный пенсионный взнос по договору негосударственного пенсионного обеспечения с АО «НПФ «БЛАГОСОСТОЯНИЕ» при наличии у работника соответствующего заявления по форме № 204-Дн в размере коэффициента 0,13 к сумме ежемесячного личного пенсионного взноса",CONFIRMED
0338,DEDUCTION,932E,УдДопЛичнВзнЕдинВознУволн,Страховые взносы в негосударственный пенсионный фонд «Благосостояние» (*дополнительный личный взнос с единовременного вознаграждения при увольнении),CONFIRMED
0339,ACCRUAL,0351,ОплВыходДнСверхНорРабВр18,Оплата работы в выходной день сверх нормы рабочего времени за следование пассажиром,CONFIRMED
0339,ACCRUAL,026D,РайоннКоэффРФ,Выплаты по районным коэффициентам по законодательству РФ за дополнительное премирование,CONFIRMED
0339,ACCRUAL,035H,ОплПраздДнСверхНорВрМарЛБ,Оплата в размере одинарной тарифной ставки (оклада) за работу в нерабочие праздничные дни сверх нормы рабочего времени по маршруту машиниста,CONFIRMED
0339,ACCRUAL,026B,РайонКоэффПремПрошлМесРФ,Выплаты по районным коэффициентам по законодательству РФ за прошедший месяц,CONFIRMED
0339,ACCRUAL,026A,РайонныйКоэффициентРФ,Выплаты по районным коэффициентам по законодательству РФ за текущий месяц,CONFIRMED
0339,ACCRUAL,025L,НадбЗаКлассКвалификац/Б,Надбавка за класс квалификации и профессиональное мастерство по маршруту машиниста,CONFIRMED
0339,ACCRUAL,0358,ОплПраздДнейСверхНорВрВед,Оплата в размере одинарной тарифной ставки (оклада) за работу в нерабочие праздничные дни сверх нормы рабочего времени по ведомости ТХУ-3,CONFIRMED
0339,ACCRUAL,025I,НадЗаКласКвал%ОтрВрПРКома,Надбавка за класс квалификации и профессиональное мастерство за часы в командировке сверх нормы,CONFIRMED
0339,ACCRUAL,025A,НадЗаКласКвал%ОтРабВрФакт,Надбавка за класс квалификации и профессиональное мастерство по табелю,CONFIRMED
0339,ACCRUAL,023L,ДоплатаЗаРаботуНочноеВремя,Доплата за работу в ночное время по маршруту машиниста,CONFIRMED
0339,ACCRUAL,0354,ОплПраздДнСверхНорРабВр54,Оплата в размере одинарной тарифной ставки (оклада) за работу в нерабочие праздничные дни сверх нормы рабочего времени за работу дублером,CONFIRMED
0339,ACCRUAL,023J,ДоплЗаРабНочнВремСумКоман,Доплата за работу в ночное время за часы в командировке сверх нормы,CONFIRMED
0339,ACCRUAL,023A,ДоплатЗаРаботуНочноеВремя,Доплата за работу в ночное время по табелю,CONFIRMED
0339,ACCRUAL,018M,ОплЗаОжидСледПассПрНорРВ,Оплата за ожидание следования пассажиром,CONFIRMED
0339,ACCRUAL,018L,ОплЗаСледПассПредНорРабВр,Оплата за следование пассажиром,CONFIRMED
0339,ACCRUAL,015B,ОплПростойПоВинеВнутДень,Оплата времени простоя по вине работодателя (оплата в днях),CONFIRMED
0339,ACCRUAL,015A,ОплПростойПоВинеВнутСмЧас,Оплата времени простоя по вине работодателя (оплата в часах),CONFIRMED
0339,ACCRUAL,035L,ОплВыхДнСверНорПроизКоман,Оплата работы в выходной день сверх нормы рабочего времени в период производственной командировки,CONFIRMED
0339,ACCRUAL,Y013,ДопЗаРабВыходПразНеПрКом,Дополнительная оплата за работу в выходные и праздничные в пределах нормы в период командировки несвязанной с производством,CONFIRMED
0339,ACCRUAL,034A,ГособязанностиРабвремсред.,"Компенсация в размере среднего заработка, сохраняемого за работником, призванным на военные сборы, согласно законодательству Российской Федерации",CONFIRMED
0339,ACCRUAL,013L,ДопЗаРабВыходПразДниНорВр,Дополнительная оплата за работу в выходные и праздничные в пределах нормы по маршруту машиниста,CONFIRMED
0339,ACCRUAL,013J,ДопЗаРабВыходПразДниНорВр,Дополнительная оплата за работу в выходные и праздничные в пределах нормы за часы в командировке сверх нормы,CONFIRMED
0339,ACCRUAL,013A,ДопЗаРабВыходПразДниНорВр,Дополнительная оплата за работу в выходные и праздничные в пределах нормы по табелю,CONFIRMED
0339,ACCRUAL,033P,Оплата УчебныйОтпускСумма,"Оплата учебных отпусков в размере среднего заработка работникам, обучающимся в вечерних и заочных высших и средних специальных учебных заведениях и общеобразовательных школах (ручной ввод)",CONFIRMED
0339,ACCRUAL,0122,КСПрРукСпецСлуж%ПрошМес,"Премии за основные результаты хозяйственной деятельности руководителям, специалистам и служащим за прошедший месяц",CONFIRMED
0339,ACCRUAL,033B,ОплатаУчебногоОтпуска.,"Оплата учебных отпусков в размере среднего заработка работникам, обучающимся в вечерних и заочных высших и средних специальных учебных заведениях и общеобразовательных школах",CONFIRMED
0339,ACCRUAL,M011,КСПрРабПоврЛБ%ПрошМесяц,Премии за основные результаты хозяйственной деятельности локомотивным бригадам за прошедший месяц по табелю и ведомости ТХУ-3,CONFIRMED
0339,ACCRUAL,032Z,ПересчИндексПериодОтпуска,Оплата ежегодных основных оплачиваемых отпусков (пересчет с учетом индексации),CONFIRMED
0339,ACCRUAL,011Y,ПремРабПовремЛБТХУ-Сумма,Премии за основные результаты хозяйственной деятельности локомотивным бригадам за прошедший месяц по ведомости ТХУ-3,CONFIRMED
0339,ACCRUAL,032W,ПересчИнденсПериодОтпуска,Оплата ежегодных основных оплачиваемых отпусков (пересчет с учетом индексации),CONFIRMED
0339,ACCRUAL,032P,:ОпОчерЕжГодОтпускСуммТекМ,Оплата ежегодных основных оплачиваемых отпусков (ручной ввод),CONFIRMED
0339,ACCRUAL,032E,СуммОтпускБудущПериодРучн,Оплата ежегодных основных оплачиваемых отпусков будущих периодов,CONFIRMED
0339,ACCRUAL,032B,: ВозвратОтпускПриУволнКалД,Возврат оплаты ежегодных основных оплачиваемых отпусков при увольнении,CONFIRMED
0339,ACCRUAL,032A,ОплОчередЕжегодОтпускКалД,Оплата ежегодных основных оплачиваемых отпусков,CONFIRMED
0339,ACCRUAL,031A,ОплЦелоСмПростПоНезОбс2/3,"Оплата времени простоя по причинам, не зависящим от работодателя и работника",CONFIRMED
0339,ACCRUAL,0112,КСПрРабПоврем%ПрошМесяц,Премии за основные результаты хозяйственной деятельности рабочим за прошедший месяц по табелю,CONFIRMED
0339,ACCRUAL,010L,ПремЗаНагонОпоздПассПоезд,Премия за нагон опозданий пассажирских поездов,CONFIRMED
0339,ACCRUAL,007P,РасшЗоны ОбслужСовмещСумм.,"Доплата за совмещение профессий, расширение зон обслуживания (ручной ввод)",CONFIRMED
0339,ACCRUAL,030A,ОплПоСредЗаработку(Час),Оплата по среднему заработку времени служебных командировок и в других случаях оплаты по среднему заработку (в часах),CONFIRMED
0339,ACCRUAL,030B,ОплПоСредЗаработку(День),Оплата по среднему заработку времени служебных командировок и в других случаях оплаты по среднему заработку (в днях),CONFIRMED
0339,ACCRUAL,030M,ОплПоСредЗаработкуПриПереводе,Оплата по среднему заработку при временном переводе на нижеоплачиваемую должность в соответствии с медицинским заключением по состоянию здоровья,CONFIRMED
0339,ACCRUAL,007B,ДоплРасшЗонОбслСовмСумОкл,"Доплата за совмещение профессий, расширение зон обслуживания (фиксированная сумма)",CONFIRMED
0339,ACCRUAL,029B,:ОплВремяПовышКвалификДень,Оплата времени повышения квалификации (в днях),CONFIRMED
0339,ACCRUAL,029A,ОплВремяПовышКвалификЧАС,Оплата времени повышения квалификации (в часах),CONFIRMED
0339,ACCRUAL,R027,СеверНадбКоманСпортСумма,Процентная надбавка к заработной плате за стаж в районах Крайнего Севера за часы командировки несвязанной с производством,CONFIRMED
0339,ACCRUAL,Y004,ПоврОплПоОкладНеПрКоманд,Оплата работы в выходной день по окладу в период командировки несвязанной с производством (в случае предоставления другого дня отдыха),CONFIRMED
0339,ACCRUAL,027L,СеверНадбРаботКрайСевер,"Процентная надбавка к заработной плате за стаж в районах Крайнего Севера за часы оплаты простоя по причинам, не зависящим от работодателя и работника",CONFIRMED
0339,ACCRUAL,R004,ПоврОплПоТарифНеПрКоманд,Оплата работы в выходной день по тарифной ставке в период командировки несвязанной с производством (в случае предоставления другого дня отдыха),CONFIRMED
0339,ACCRUAL,004S,ПоврОплатаПоОкладамКоманд,Оплата работы в выходной день по окладу в период производственной командировки (в случае предоставления другого дня отдыха),CONFIRMED
0339,ACCRUAL,027B,СеверНадбавкНаПремПрошМес,Процентная надбавка к заработной плате за стаж в районах Крайнего Севера за прошедший месяц,CONFIRMED
0339,ACCRUAL,004L,ПоврОплатаПоТарифСтавкам,Оплата по тарифной ставке за отработанное время по маршруту машиниста,CONFIRMED
0339,ACCRUAL,004I,ПоврОплПоТарифуКомандиров,Оплата работы в выходной день по тарифной ставке в период производственной командировки (в случае предоставления другого дня отдыха),CONFIRMED
0339,ACCRUAL,027A,СевернаяНадбавкРабКрСевер,Процентная надбавка к заработной плате за стаж в районах Крайнего Севера за текущий месяц,CONFIRMED
0339,ACCRUAL,004B,ПоврОплатаПоТарифСтавкам,Оплата по тарифной ставке за отработанное время по табелю,CONFIRMED
0339,ACCRUAL,R026,РайонКоэффРФКоманСпортСум,Выплаты по районным коэффициентам по законодательству РФ за часы командировки несвязанной с производством,CONFIRMED
0339,ACCRUAL,004A,ПоврОплатаПоОкладам,"Оплата по окладам руководителям, специалистам и служащим за отработанное время",CONFIRMED
0339,ACCRUAL,026L,РайонныйКоэффициентРФ.,"Выплаты по районным коэффициентам по законодательству РФ за часы оплаты простоя по причинам, не зависящим от работодателя и работника",CONFIRMED
0339,ACCRUAL,026K,РайонКоэффРФПроизКоманд%,Выплаты по районным коэффициентам по законодательству РФ за часы производственной командировки,CONFIRMED
0339,ACCRUAL,004Q,ПоврОплПоТарифСтавВедомос,Оплата по тарифной ставке за отработанное время по ведомости ТХУ-3,CONFIRMED
0339,ACCRUAL,007A,РасшЗонОбслСовмещ%ОклФакт,"Доплата за совмещение профессий, расширение зон обслуживания (% от оклада или тарифа)",CONFIRMED
0339,ACCRUAL,0111,КСПрРабПоврем%ТекущМесяц,Премии за основные результаты хозяйственной деятельности рабочим за текущий месяц по табелю,CONFIRMED
0339,ACCRUAL,0115,КСПрРабПовр%ПрошМесяцКом,Премии за основные результаты хозяйственной деятельности рабочим за прошедший месяц за часы в командировке сверх нормы,CONFIRMED
0339,ACCRUAL,011D,ПремРабПоврСуммаПрошлМес.,Премии за основные результаты хозяйственной деятельности рабочим за прошедший месяц ручным вводом,CONFIRMED
0339,ACCRUAL,011L,ПремияРабочПовремЛБСумма,Премии за основные результаты хозяйственной деятельности рабочим за прошедший месяц по маршруту машиниста,CONFIRMED
0339,ACCRUAL,0121,КСПрРукСпецСлуж%ТекущМес,"Премии за основные результаты хозяйственной деятельности руководителям, специалистам и служащим за текущий месяц",CONFIRMED
0339,ACCRUAL,0125,КСПрРукСпецСлуж%ПрошМесКом,"Премии за основные результаты хозяйственной деятельности руководителям, специалистам и служащим за прошедший месяц за часы в командировке сверх нормы",CONFIRMED
0339,ACCRUAL,027D,СеверНадбавка,Процентная надбавка к заработной плате за стаж в районах Крайнего Севера за дополнительное премирование,CONFIRMED
0339,ACCRUAL,027K,СевНадбКрСевПроизвКоманд%,Процентная надбавка к заработной плате за стаж в районах Крайнего Севера за часы производственной командировки,CONFIRMED
0339,ACCRUAL,033E,УчебОтпускБудущПериодРучн,"Оплата учебных отпусков в размере среднего заработка работникам, обучающимся в вечерних и заочных высших и средних специальных учебных заведениях и общеобразовательных школах будущих периодов",CONFIRMED
0339,ACCRUAL,033Z,ПересчИндексПерУчОтпуска,"Оплата учебных отпусков в размере среднего заработка работникам, обучающимся в вечерних и заочных высших и средних специальных учебных заведениях и общеобразовательных школах (пересчет с учетом индексации)",CONFIRMED
0339,ACCRUAL,0352,ОплПраздДнСверхНорРабВр18,Оплата в размере одинарной тарифной ставки (оклада) за работу в нерабочие праздничные дни сверх нормы рабочего времени за следование пассажиром,CONFIRMED
0339,ACCRUAL,0353,ОплВыходДнСверхНорРабВр54,Оплата в размере одинарной тарифной ставки (оклада) за работу в выходные дни сверх нормы рабочего времени за работу дублером,CONFIRMED
0339,ACCRUAL,0357,ОплВыхДнейСверхНорВрВед,Оплата в размере одинарной тарифной ставки (оклада) за работу в выходные дни сверх нормы рабочего времени по ведомости ТХУ-3,CONFIRMED
0339,ACCRUAL,035A,ОплВыхПраздДнСверхНорРабВр,Оплата в размере одинарной тарифной ставки (оклада) за работу в выходные дни сверх нормы рабочего времени по табелю,CONFIRMED
0339,ACCRUAL,035B,ОплПраздДнейСверхНорРабВр,Оплата в размере одинарной тарифной ставки (оклада) за работу в нерабочие праздничные дни сверх нормы рабочего времени по табелю,CONFIRMED
0340,ACCRUAL,056I,НадбВысДостРукПрКом%ОтрВр,"Надбавки руководителям, специалистам и служащим за высокий уровень квалификации, высокие достижения в труде, выполнение особо важной работы за часы сверх нормы в командировке",CONFIRMED
0340,ACCRUAL,089A,ДопНизкОплРабДоMinОплТрАв,"Компенсационная доплата труда (оклада) до минимальной заработной платы, установленной в субъекте РФ, в соответствии с трудовым законодательством",CONFIRMED
0340,ACCRUAL,056A,НадбВысДостРукСпцСл%Факт,"Надбавки руководителям, специалистам и служащим за высокий уровень квалификации, высокие достижения в труде, выполнение особо важной работы (ручной ввод)",CONFIRMED
0340,ACCRUAL,05SP,ЕжМесДенКомп10%ЧасТарСумм,"Ежемесячная денежная компенсация в размере 10 процентов часовой тарифной ставки (должностного оклада) за фактически отработанное время при увеличении продолжительности рабочего времени, но не более чем до 40 часов в неделю работникам, занятым на работах с вредными и (или) опасными условиями труда (ручной ввод)",CONFIRMED
0340,ACCRUAL,083A,"СрЗ-к,ПеревБеремЛегкТрЧас","Средний заработок, сохраняемый на время перевода беременной женщины на более легкую работу, и за рабочие дни освобождения от работы до предоставления ей более легкой работы",CONFIRMED
0340,ACCRUAL,055L,ЕжМесДенКомп10%ЧасТарФаЛБ,"Ежемесячная денежная компенсация в размере 10 процентов часовой тарифной ставки (должностного оклада) за фактически отработанное время при увеличении продолжительности рабочего времени, но не более чем до 40 часов в неделю работникам, занятым на работах с вредными и (или) опасными условиями труда по маршруту машиниста",CONFIRMED
0340,ACCRUAL,076L,ДоплВыхПраздСверхНормВрем,Доплата за работу в выходные и нерабочие праздничные дни сверх нормы рабочего времени по маршруту машиниста и ведомости ТХУ-3,CONFIRMED
0340,ACCRUAL,054L,Оплата Работы Дублером,Оплата работы дублером,CONFIRMED
0340,ACCRUAL,052L,ОплЗаРабНаОдиночСледЛоком,Оплата за работу на одиночно следующем локомотиве,CONFIRMED
0340,ACCRUAL,051B,ДенКомДопЧастОтпускВрУсТр,"Денежная компенсация за часть неиспользованного ежегодного дополнительного оплачиваемого отпуска работникам, занятым на работах с вредными и (или) опасными условиями труда, превышающую 7 календарных дней",CONFIRMED
0340,ACCRUAL,076A,ДоплВыхПраздСверхНормВрем,Доплата за работу в выходные и нерабочие праздничные дни сверх нормы рабочего времени по табелю,CONFIRMED
0340,ACCRUAL,073M,"ДоплСверхУрочнВр1,00разм",Доплата за работу в сверхурочное время сверх одинарной тарифной ставки (оклада) для оплаты в двойном размере за время работы по маршруту машиниста и ведомости ТХУ-3,CONFIRMED
0340,ACCRUAL,051A,ДенКомДопЧастОтпускВрУсТР.,"Денежная компенсация за часть неиспользованного ежегодного дополнительного оплачиваемого отпуска работникам, занятым на работах с вредными и (или) опасными условиями труда, превышающую 7 календарных дней",CONFIRMED
0340,ACCRUAL,073L,"ДоплСверхУрочнВр0,5размер",Доплата за работу в сверхурочное время сверх одинарной тарифной ставки (оклада) для оплаты в полуторном размере за время работы по маршруту машиниста и ведомости ТХУ-3,CONFIRMED
0340,ACCRUAL,049A,ОпПоТарВрТехУчебВНерабВр,"Оплата по тарифу времени технической учебы, проводимой во внеурочное время",CONFIRMED
0340,ACCRUAL,048A,ОплНеВыполНормТрНед2/3тар,"Оплата труда при невыполнении норм труда, неисполнении трудовых обязанностей (недоработка до нормы рабочего времени) по причинам, не зависящим от работодателя и работника",CONFIRMED
0340,ACCRUAL,073I,ДоплСверхУрочнВр0.5Команд,Доплата за работу в сверхурочное время сверх одинарной тарифной ставки (оклада) для оплаты в полуторном размере за время командировки,CONFIRMED
0340,ACCRUAL,073B,"ДоплСверхУрочнВр1,00разм",Доплата за работу в сверхурочное время сверх одинарной тарифной ставки (оклада) для оплаты в двойном размере за время работы по табелю,CONFIRMED
0340,ACCRUAL,047P,ЕдиноврВознагНаставникСум,Единовременное денежное вознаграждение наставникам,CONFIRMED
0340,ACCRUAL,044M,ДоплРабСложнМетеоУслСумма,Доплата за работу в сложных метеорологических условиях,CONFIRMED
0340,ACCRUAL,073A,"ДоплСверхУрочнВ0,50разм",Доплата за работу в сверхурочное время сверх одинарной тарифной ставки (оклада) для оплаты в полуторном размере за время работы по табелю,CONFIRMED
0340,ACCRUAL,041A,ДенКомпенДопЧастиОтпуска,Денежная компенсация за неиспользованный ежегодный дополнительный оплачиваемый отпуск (превышающая 28 календарных дней),CONFIRMED
0340,ACCRUAL,072Z,ОплРабСверхУрочнВрЛБ,Оплата за работу в сверхурочное время в размере одинарной тарифной ставки (оклада) по маршруту машиниста и ведомости ТХУ-3,CONFIRMED
0340,ACCRUAL,072X,ОплРабСверУрочнВр_ЛБ/018L,Оплата за работу в сверхурочное время в размере одинарной тарифной ставки (оклада) за время следования пассажиром,CONFIRMED
0340,ACCRUAL,037B,ДоплДоСреднЧасЗарабСумма,"Доплата до среднего заработка в случаях, предусмотренных законодательством, коллективным и (или) трудовым договором, только за время работы в данной организации (в часах)",CONFIRMED
0340,ACCRUAL,072W,ОплРабСверУрочнВр_ЛБ/052L,Оплата за работу в сверхурочное время в размере одинарной тарифной ставки (оклада) на одиночно следующем локомотиве,CONFIRMED
0340,ACCRUAL,072U,ОплРабСверУрочнВр_ЛБ/054L,Оплата за работу в сверхурочное время в размере одинарной тарифной ставки (оклада) за работу дублером,CONFIRMED
0340,ACCRUAL,037A,ДоплДоСреднДеньЗарабСумма,"Доплата до среднего заработка в случаях, предусмотренных законодательством, коллективным и (или) трудовым договором, только за время работы в данной организации (в днях)",CONFIRMED
0340,ACCRUAL,072Q,ОплРаботСверхУрочнВр_004Q,Оплата за работу в сверхурочное время в размере одинарной тарифной ставки (оклада) по ведомости ТХУ-3,CONFIRMED
0340,ACCRUAL,035Y,ОплВыхДнСверхНорВрНеПрКом,Оплата в размере одинарной тарифной ставки (оклада) за работу в выходные дни сверх нормы рабочего времени в период командировки несвязанной с производством,CONFIRMED
0340,ACCRUAL,072N,ОплРабСверУрочнВр_ЛБ/018M,Оплата за работу в сверхурочное время в размере одинарной тарифной ставки (оклада) за время ожидания следования пассажиром,CONFIRMED
0340,ACCRUAL,072M,ОплРаботСверхУрочнВр_004B,Оплата за работу в сверхурочное время в размере одинарной тарифной ставки (оклада) рабочим,CONFIRMED
0340,ACCRUAL,035X,ОплВыхДнСверхНорВрНеПрКом,Оплата в размере одинарной тарифной ставки (оклада) за работу в выходные дни сверх нормы рабочего времени в период командировки несвязанной с производством,CONFIRMED
0340,ACCRUAL,072L,ОплРабСверхУрочВр_ЛБ_004L,Оплата за работу в сверхурочное время в размере одинарной тарифной ставки (оклада) по маршруту машиниста,CONFIRMED
0340,ACCRUAL,035T,ОпПразДнСверхНВрКоманМтЛБ,Оплата в размере одинарной тарифной ставки (оклада) за работу в нерабочие праздничные дни сверх нормы рабочего времени в период производственной командировки локомотивным бригадам,CONFIRMED
0340,ACCRUAL,072F,ОплРаботСверхУрочнВр/030M,Оплата за работу в сверхурочное время в размере одинарной тарифной ставки (оклада) при временном переводе на нижеоплачиваемую должность в соответствии с медицинским заключением по состоянию здоровья,CONFIRMED
0340,ACCRUAL,035Q,ОпПраздСверхНорПроизКоман,Оплата в размере одинарной тарифной ставки (оклада) за работу в нерабочие праздничные дни сверх нормы рабочего времени в период производственной командировки,CONFIRMED
0340,ACCRUAL,072A,ОплРаботСверхУрочнВр_004A,"Оплата за работу в сверхурочное время в размере одинарной тарифной ставки (оклада) руководителям, специалистам и служащим",CONFIRMED
0340,ACCRUAL,060A,НадбЗаВысЛетГосТайнаНорм,Ежемесячная процентная надбавка работникам за стаж работы в структурных подразделениях по защите государственной тайны,CONFIRMED
0340,ACCRUAL,035O,ОпПразДнСверхНорВрНеПрКом,Оплата в размере одинарной тарифной ставки (оклада) за работу в нерабочие праздничные дни сверх нормы рабочего времени в период командировки несвязанной с производством,CONFIRMED
0340,ACCRUAL,035N,ОпПразДнСверхНорВрНеПрКом,Оплата в размере одинарной тарифной ставки (оклада) за работу в нерабочие праздничные дни сверх нормы рабочего времени в период командировки несвязанной с производством,CONFIRMED
0340,ACCRUAL,059A,НадбавГосТайнаПроцентФакт,"Надбавка лицам, допущенным к государственной тайне",CONFIRMED
0340,ACCRUAL,057L,ДоплМастСпСлРабВредДляЛБ,"Доплата за работу на тяжёлых работах, работах с вредными и (или) опасными условиями труда по маршруту машиниста",CONFIRMED
0340,ACCRUAL,035L,ОплВыхДнейСверхНорВрМтЛБ,Оплата в размере одинарной тарифной ставки (оклада) за работу в выходные дни сверх нормы рабочего времени по маршруту машиниста,CONFIRMED
0340,ACCRUAL,057K,ДопМастРабВредУсл.Коман%,"Доплата за работу на тяжелых работах, работах с вредными и (или) опасными условиями труда за часы командировки сверх нормы",CONFIRMED
0341,ACCRUAL,256E,ОплДопОтпускВрУслБудПерР,"Оплата дополнительных отпусков за работу на тяжелых работах, работах с вредными и (или) опасными условиями труда будущих периодов",CONFIRMED
0341,ACCRUAL,256A,ОплДопОтпускВрУслКалД,"Оплата дополнительных отпусков за работу на тяжелых работах, работах с вредными и (или) опасными условиями труда",CONFIRMED
0341,ACCRUAL,290Z,СПодарРабВТечГодДогДарен,"Стоимость подарков, полученных работником от организации в течение года",CONFIRMED
0341,ACCRUAL,254B,ДопОтОбщИнспБезДеПоездов,Оплата дополнительных отпусков общественным инспекторам по безопасности движения поездов,CONFIRMED
0341,ACCRUAL,2894,ДопПрЛБКнигЗамечанТекМесСу,"Дополнительная премия локомотивным бригадам по результатам работы с книгой замечаний формы ТУ-137 в филиалах ОАО ""РЖД"" за текущий месяц",CONFIRMED
0341,ACCRUAL,250Z,ПересчИндексПериодОтпуска,Оплата дополнительных отпусков за ненормированный рабочий день (пересчет с учетом индексации),CONFIRMED
0341,ACCRUAL,250E,ОплДопОтпускНРДБудПерРучн,Оплата дополнительных отпусков за ненормированный рабочий день будущих периодов,CONFIRMED
0341,ACCRUAL,284P,ДопПремУполЛицОхрТрудаСумм,Дополнительная премия уполномоченным (доверенным) лицам по охране труда,CONFIRMED
0341,ACCRUAL,250A,ОплДопОтпускНРДКалД,Оплата дополнительных отпусков за ненормированный рабочий день,CONFIRMED
0341,ACCRUAL,279P,ДопПремРезВнедБережПрФиз,Дополнительная премия за результаты внедрения бережливого производства,CONFIRMED
0341,ACCRUAL,274M,МатПомощьУчетСкидки%Окл,"Материальная помощь, предоставляемая к ежегодно оплачиваемому отпуску",CONFIRMED
0341,ACCRUAL,274K,МатПомощьЗависОтЗПСумма,"Материальная помощь, предоставляемая к ежегодно оплачиваемому отпуску",CONFIRMED
0341,ACCRUAL,273Z,ЕдПоощрПоРешОАОРЖДСум,"Единовременные поощрения отдельным работникам, выплачиваемые по решению ОАО ""РЖД""",CONFIRMED
0341,ACCRUAL,249B,ОплТарСтавДниСмертьКолДог,"Оплата дней дополнительного отпуска, предоставляемого работнику в случае смерти членов семьи",CONFIRMED
0341,ACCRUAL,273P,ЕдиВознРабПоРешОАОРЖДСумм,"Единовременные поощрения отдельным работникам, выплачиваемые по решению ОАО ""РЖД"" (ручной ввод)",CONFIRMED
0341,ACCRUAL,272P,ЕдинПоощрРабВсвязЮбилДат,Единовременное поощрение работникам в связи с юбилейными датами (ручной ввод),CONFIRMED
0341,ACCRUAL,248D,ПремЗаЭкономРесурсКварСум,"Премия за экономию конкретных видов ресурсов, косвенно влияющих (квартальная)",CONFIRMED
0341,ACCRUAL,206Y,ОплПоСредЗарДеньКульМасМе,"Оплата по среднему заработку времени нахождения в командировках, не связанных с производственной деятельностью (культурно-массовые мероприятия)",CONFIRMED
0341,ACCRUAL,2709,ДопПремЛБИспОбязСтМаш%ПрМ,Премирование работников в соответствии с положениями о дополнительном премировании (старшим машинистам),CONFIRMED
0341,ACCRUAL,206B,ОплПоСредЗарДеньСпортМер,"Оплата по среднему заработку времени нахождения в командировках, не связанных с производственной деятельностью (спорт)",CONFIRMED
0341,ACCRUAL,173B,СохрСрЗарДиспансеризДЕНЬ,"Сохранение среднего заработка при прохождении диспансеризации в порядке, предусмотренном законодательством в сфере охраны здоровья (в днях)",CONFIRMED
0341,ACCRUAL,270Z,ДопПрЛБ_НарядчикамПрМесСу,Премирование работников по результатам работы с книгой замечаний формы ТУ-137 в филиалах ОАО «РЖД» за текущий месяц дополнительным премированием (нарядчикам локомотивных бригад),CONFIRMED
0341,ACCRUAL,154B,СохрСрЗарМедОсмРабВрДЕН,Оплата по среднему заработку за время прохождения работником периодических медицинских осмотров в рабочее время (в днях),CONFIRMED
0341,ACCRUAL,268T,ЕдВознЗаПреданКомпанСумМР,Единовременное вознаграждение за преданность компании при наступлении права (межрасчет),CONFIRMED
0341,ACCRUAL,154A,СохрСрЗарМедОсмРабВрЧАС,Оплата по среднему заработку за время прохождения работником периодических медицинских осмотров в рабочее время (в часах),CONFIRMED
0341,ACCRUAL,268K,ЕдиновВознЗаПреданКомпан,Единовременное вознаграждение за преданность компании при наступлении права,CONFIRMED
0341,ACCRUAL,268G,:ЕдВознЗаПреданнКомпСокрШт,Единовременное вознаграждение за преданность компании при сокращении штата,CONFIRMED
0341,ACCRUAL,153L,ДоплМашЛокомРабБезПомощн,Доплата машинистам локомотивов и машинистам ССПС за работу без помощников по маршруту машиниста,CONFIRMED
0341,ACCRUAL,268F,ЕдВознЗаПреданнКомпСобЖел,Единовременное вознаграждение за преданность компании при увольнении по собственному желанию при выходе на пенсию или медицинскому заключению,CONFIRMED
0341,ACCRUAL,152P,ДоплРабЛокомБрТяжДлинПоез,Доплата рабочим локомотивных бригад за работу с тяжеловесными и длинносоставными поездами (ручной ввод),CONFIRMED
0341,ACCRUAL,152L,ДоплРабЛокомБрТяжДлинПоез,Доплата рабочим локомотивных бригад за работу с тяжеловесными и длинносоставными поездами по маршруту машиниста,CONFIRMED
0341,ACCRUAL,158L,ДоплРабЛокомБрРабСоедПоезд,Доплата рабочим локомотивных бригад за работу с соединенными поездами,CONFIRMED
0341,ACCRUAL,268A,ЕдВознЗаПредаКомпанСумм,Единовременное вознаграждение за преданность компании при наступлении права,CONFIRMED
0341,ACCRUAL,151P,ДоплРабЛокомБрУдлинУчОбсл,Доплата рабочим локомотивных бригад за работу на удлинённых участках обслуживания (ручной ввод),CONFIRMED
0341,ACCRUAL,266B,ОтпСамостПоискРабДо3хСредД,"Оплата по среднему заработку до трех рабочих дней в месяц высвобождаемому работнику для самостоятельного поиска работы, отпуск молодым специалистам на обустройство на новом месте работы",CONFIRMED
0341,ACCRUAL,151L,ДоплРабЛокомБрУдлинУчОбсл,Доплата рабочим локомотивных бригад за работу на удлинённых участках обслуживания,CONFIRMED
0341,ACCRUAL,263Z,ЕдВрПоощРабПолигЖДЛимНЖД,Единовременное поощрение работников полигона железной дороги из лимита начальников железных дорог,CONFIRMED
0341,ACCRUAL,261Z,ОплГорячегоПитанияСумма,"Оплата горячего питания работников, занятых на ремонте пути в ""окна""",CONFIRMED
0341,ACCRUAL,123B,ПоврОплПоТарОклНеРабДень,"Оплата по тарифной ставке (окладу) за нерабочий день, когда за работником в соответствии с указом Президента сохраняется заработная плата",CONFIRMED
0341,ACCRUAL,260Z,:ПересчИндексПериодОтпуска,"Оплата дополнительных отпусков лицам, работающим в районах Крайнего Севера и приравненных к ним местностях (пересчёт с учётом индексации)",CONFIRMED
0341,ACCRUAL,260W,ПересчИндексПериодОтпуска,"Оплата дополнительных отпусков лицам, работающим в районах Крайнего Севера и приравненных к ним местностях (пересчет с учетом индексации)",CONFIRMED
0341,ACCRUAL,108P,ДопПрПредупрПрТравмСисИнф,"Дополнительная премия за предупреждение случаев производственного травматизма по системе информации ""Человек на пути"" (ручной ввод)",CONFIRMED
0341,ACCRUAL,260E,ОплДопОтпускКрСевБудПерР,"Оплата дополнительных отпусков лицам, работающим в районах Крайнего Севера и приравненных к ним местностях будущих периодов",CONFIRMED
0341,ACCRUAL,260A,ОплДопОтпускКрСевКалД,"Оплата дополнительных отпусков лицам, работающим в районах Крайнего Севера и приравненных к ним местностях",CONFIRMED
0341,ACCRUAL,1082,ДопПрПредупПрТравмПрошМес,Дополнительная премия за предупреждение случаев производственного травматизма по системе информации «Человек на пути» за прошедший месяц,CONFIRMED
0341,ACCRUAL,256Z,ПересчИндексПериодОтпуска,"Оплата дополнительных отпусков за работу на тяжелых работах, работах с вредными и (или) опасными условиями труда (пересчет с учетом индексации)",CONFIRMED
0341,ACCRUAL,1081,ДопПрПредупрПрТравмТекМес,Дополнительная премия за предупреждение случаев производственного травматизма по системе информации «Человек на пути» за текущий месяц,CONFIRMED
0341,ACCRUAL,256W,ПересчИндексПериодОтпуска,"Оплата дополнительных отпусков за работу на тяжелых работах, работах с вредными и (или) опасными условиями труда (пересчет с учетом индексации)",CONFIRMED
0341,ACCRUAL,090Z,КвартПрСредМотивацБюджСум,Единовременная премия из средств мотивационного бюджета (квартальная),CONFIRMED
0341,ACCRUAL,090P,ПремИзСредствМотивацБюдж,Единовременная премия из средств мотивационного бюджета (ручной ввод),CONFIRMED
0341,ACCRUAL,256P,ОплДопОтпускВрУслКалДСум,"Оплата дополнительных отпусков за работу на тяжелых работах, работах с вредными и (или) опасными условиями труда (ручной ввод)",CONFIRMED
0341,ACCRUAL,089Z,ДопНизкОплРабДоMinОплТр,"Компенсационные доплаты низкооплачиваемым работникам до минимального размера оплаты труда (размера минимальной заработной платы, установленного в субъекте РФ) в соответствии с трудовым законодательством",CONFIRMED
0342,ACCRUAL,501Z,СуммаКомпенсацииСтоимостиБытовогоТоплива,"Сумма компенсации стоимости бытового топлива, отпускаемого работникам организации",CONFIRMED
0342,ACCRUAL,473P,НадбРазъездХарИнГосудСумм,"Надбавка работникам, постоянная работа которых осуществляется в пути следования или имеет разъездной характер, за период пребывания на территориях иностранных государств (ручной ввод)",CONFIRMED
0342,ACCRUAL,473L,НадбРазъездХарИнГосудСумм,"Надбавка работникам, постоянная работа которых осуществляется в пути следования или имеет разъездной характер, за период пребывания на территориях иностранных государств по маршруту машиниста",CONFIRMED
0342,ACCRUAL,402P,ОплПрогулВосстРабСудПрист,Оплата времени вынужденного прогула в связи с восстановлением на работе по решению суда,CONFIRMED
0342,ACCRUAL,401A,%ЗаНесвоевыплЗарПлОтпДр.,"Денежная компенсация (проценты) в соответствии со статьей 236 Трудового кодекса Российской Федерации (за задержку выплаты заработной платы, отпуска и др.)",CONFIRMED
0342,ACCRUAL,365P,ПремЗаСодейстИзобрРацион,Премия за содействие изобретательству и рационализации,CONFIRMED
0342,ACCRUAL,360Z,КвартПремОтраслСоревнСумм,"Премия по соревнованию в ОАО ""РЖД"" (квартальная)",CONFIRMED
0342,ACCRUAL,360P,МесПремОтраслСоревновСумм,"Премия по соревнованию в ОАО ""РЖД"" (месячная)",CONFIRMED
0342,ACCRUAL,360G,ГодПремОтраслСоревн.Сумма,"Премия по соревнованию в ОАО ""РЖД"" (годовая)",CONFIRMED
0342,ACCRUAL,349P,ВозмещРасхНайм(не ЖФК),"Возмещение (компенсация) работникам (в том числе молодым специалистам) расходов по временному найму жилого помещения (в том числе стоимости коммунальных услуг и прочих затрат работникам отдалённых линейных станций), в размерах, определённых нормативными документами (не ЖФК)",CONFIRMED
0340,ACCRUAL,035J,ОплВыхДнСверхНВрКоманМтЛБ,Оплата в размере одинарной тарифной ставки (оклада) за работу в выходные дни сверх нормы рабочего времени в период производственной командировки локомотивным бригадам,CONFIRMED
0340,ACCRUAL,040A,КомпенсаЗаНеиспользОтпуск.,Денежная компенсация за неиспользованный отпуск при увольнении работника,CONFIRMED
0340,ACCRUAL,040T,КомпенЗаНеиспОтпускСуммМР,Денежная компенсация за неиспользованный отпуск при увольнении работника (межрасчет),CONFIRMED
0340,ACCRUAL,055A,ЕжМесДенКомп10%ЧасТарФактВ,"Ежемесячная денежная компенсация в размере 10 процентов часовой тарифной ставки (должностного оклада) за фактически отработанное время при увеличении продолжительности рабочего времени, но не более чем до 40 часов в неделю работникам, занятым на работах с вредными и (или) опасными условиями труда по табелю и ведомости ТХУ-3",CONFIRMED
0340,ACCRUAL,057A,ДоплатМастСпецСлужВредУсл,"Доплата за работу на тяжелых работах, работах с вредными и (или) опасными условиями труда по табелю",CONFIRMED
0340,ACCRUAL,059I,НадбГосТайна%ОтОтрВрКоман,"Надбавка лицам, допущенным к государственной тайне, за часы в командировке сверх нормы",CONFIRMED
0340,ACCRUAL,073J,"ДоплСверхУрочнВр1,0_Коман",Доплата за работу в сверхурочное время сверх одинарной тарифной ставки (оклада) для оплаты в двойном размере за время командировки,CONFIRMED
0340,ACCRUAL,076I,ДоплВыхПраздСверхНормВрКом,Доплата за работу в выходные и нерабочие праздничные дни сверх нормы рабочего времени в период командировки,CONFIRMED
0340,ACCRUAL,076X,ДопВыхПраздСвНорВрНеПрКом,Доплата за работу в выходные и нерабочие праздничные дни сверх нормы рабочего времени в период командировки несвязанной с производством,CONFIRMED
0340,ACCRUAL,076Y,ДопВыхПраздСвНорВрНеПрКом,Доплата за работу в выходные и нерабочие праздничные дни сверх нормы рабочего времени в период командировки несвязанной с производством,CONFIRMED
0340,ACCRUAL,082A,ДопВознРабНерабПраздНераб,Дополнительная оплата (оклада) за нерабочие праздничные дни,CONFIRMED
0340,ACCRUAL,085A,ОплатаРаботникам-Донорам,Оплата работникам-донорам по среднему заработку дней сдачи крови (с компонентами) и дней отдыха,CONFIRMED
0340,ACCRUAL,085B,ОплатаРаботникам-Донорам,Оплата работникам-донорам по среднему заработку дней сдачи крови (с компонентами) и дней отдыха,CONFIRMED
0341,ACCRUAL,1083,ДопПрПредупрПрТравмКварСу,"Дополнительная премия за предупреждение случаев производственного травматизма по системе информации ""Человек на пути"" (квартальная)",CONFIRMED
0341,ACCRUAL,150A,ЗоналНадб%ОтОтрабВремФакт,Зональная надбавка,CONFIRMED
0341,ACCRUAL,150I,ЗоналНадб%ОтОтрВрПрКоман,Зональная надбавка за период командировки сверх нормы,CONFIRMED
0341,ACCRUAL,153A,ДоплМашЛокомРабБезПомощн,Доплата машинистам локомотивов и машинистам ССПС за работу без помощников по ведомости ТХУ-3,CONFIRMED
0341,ACCRUAL,153P,ДоплМашЛокомРабБезПомощн,Доплата машинистам локомотивов и машинистам ССПС за работу без помощников (ручной ввод),CONFIRMED
0341,ACCRUAL,173A,СохрСрЗарДиспансеризЧАС,"Сохранение среднего заработка при прохождении диспансеризации в порядке, предусмотренном законодательством в сфере охраны здоровья (в часах)",CONFIRMED
0341,ACCRUAL,174M,ОплМедосвидВНерабДни,Сохранение среднего заработка за прохождение медицинского обследования в нерабочее время,CONFIRMED
USER,ACCRUAL,172L,ВыпЛБЗаВрОтдСвНорВПОЛБ,Выплата локомотивным бригадам за время отдыха сверх нормы в пункте оборота локомотивных бригад,CONFIRMED
0341,ACCRUAL,240P,ДопПрВыявНарушВедПоездПрМ,"Дополнительная премия работникам за выявление нарушений, допущенных при ведении поезда и производстве маневровой работы",CONFIRMED
0341,ACCRUAL,248L,ПремЗаЭкономРесурсов.,Премия за экономию конкретных видов ресурсов по маршрутам машиниста и ведомостям ТХУ-3,CONFIRMED
0341,ACCRUAL,248P,ПремЗаЭкономРесурсовСумма,Премия за экономию конкретных видов ресурсов (ручной ввод),CONFIRMED
0341,ACCRUAL,249A,ОплТарСтавРождБрак/КолДог,"Оплата дней дополнительного отпуска, предоставляемого работнику в случае рождения ребенка и регистрации брака",CONFIRMED
0341,ACCRUAL,249D,ДниОтпускКолДоговНеОплач,"Неоплачиваемые дни дополнительного отпуска, предоставляемого работнику в случае рождения ребенка, регистрации брака, смерти членов семьи",CONFIRMED
0341,ACCRUAL,268B,ЕдВознЗаПреданнКомпСобЖел,Единовременное вознаграждение за преданность компании при увольнении по собственному желанию при выходе на пенсию или медицинскому заключению,CONFIRMED
0341,ACCRUAL,268D,ЕдВознЗаПреданнКомпСокрШт,Единовременное вознаграждение за преданность компании при сокращении штата,CONFIRMED
0341,ACCRUAL,268Z,ВознЗаПредКомпанБезВзнНПФ,Единовременное вознаграждение за преданность компании без взносов НПФ,CONFIRMED
0341,ACCRUAL,269Z,ЕдВознЗаБезаварРабГодСумм,Единовременное вознаграждение за обеспечение безопасности движения поездов,CONFIRMED
0341,ACCRUAL,2706,ДопПрЛБИспОбязСтарМашнСум,Премирование работников в соответствии с положениями о дополнительном премировании (исполняющим обязанности старшего машиниста),CONFIRMED
0341,ACCRUAL,270P,ПремирРабПоложОДопПремСум,Дополнительное премирование (ручной ввод),CONFIRMED
0341,ACCRUAL,271P,ЕдиноврПоощрРаботСумма,Единовременные поощрения работникам (кроме поощрения в связи с юбилейными датами) (ручной ввод),CONFIRMED
0341,ACCRUAL,271Z,ЕдиноврПоощрРаботСумма,Единовременные поощрения работникам (кроме поощрения в связи с юбилейными датами),CONFIRMED
0341,ACCRUAL,272N,ЕдинПоощрРабВсвязЮбилДат50к,Единовременное поощрение работникам в связи с юбилейными датами,CONFIRMED
0341,ACCRUAL,289P,ДопПрЛБКнигЗамечанПрМесСу,"Дополнительная премия локомотивным бригадам по результатам работы с книгой замечаний формы ТУ-137 в филиалах ОАО ""РЖД"" за прошедший месяц",CONFIRMED
0341,ACCRUAL,292A,ДоплЗаУченуюСтепеньФактВр,"Доплата специалистам и руководителям, имеющим ученую степень",CONFIRMED
